{
    "manifest_version": 2,
    "name": "Straw Storm Chrome Theme",
    "version": "1.1",
    "description":"Chrome theme created by Doctorfree's Fractal Funhouse",
    "author": "Dr. Ronald Joe Record, Ph.D. Mathematics",
    "homepage_url": "http://ronrecord.com/Themes/Chrome/Straw_Storm",
    "icons": { "128": "icon_128.png" },
    "theme": {
        "images": {
            "theme_frame": "images/frame.png",
            "theme_frame_inactive": "images/frame_inactive.png",
            "theme_frame_incognito": "images/frame_incognito.png",
            "theme_frame_incognito_inactive": "images/frame_incognito_inactive.png",
            "theme_ntp_attribution": "images/ntp_attribution.png",
            "theme_ntp_background":"images/ntp_background.png",
            "theme_tab_background":"images/tab_background.png",
            "theme_tab_background_incognito": "images/tab_background_incognito.png",
            "theme_tab_background_v": "images/tab_background_v.png",
            "theme_toolbar":"images/toolbar.png",
            "theme_window_control_background": "images/window_control_background.png"
        },
        "colors": {
            "bookmark_text": [ 255, 215, 0 ],
            "button_background": [ 156, 102, 31 ],
            "control_background": [ 150, 190, 190 ],
            "frame": [ 156, 102, 31 ],
            "frame_inactive": [ 240, 128, 128 ],
            "frame_incognito": [ 100, 200, 220 ],
            "frame_incognito_inactive": [ 100, 200, 250 ],
            "ntp_background": [ 255, 255, 255 ],
            "ntp_header": [ 150, 150, 150 ],
            "ntp_link": [ 250, 250, 250 ],
            "ntp_link_underline": [ 250, 18, 250 ],
            "ntp_section": [ 235, 235, 235 ],
            "ntp_section_link_underline": [ 200, 180, 239 ],
            "ntp_section_link": [ 250, 250, 250 ],
            "ntp_section_text": [ 255, 215, 0 ],
            "ntp_text": [ 255, 215, 0 ],
            "tab_background_text": [ 0, 0, 0 ],
            "tab_text": [ 255, 215, 0 ],
            "toolbar": [ 240, 166, 170 ]
        },
        "tints": {
            "background_tab": [ 0.1, 0.5, 0.75 ],
            "buttons": [ 0, 0, 0 ],
            "frame": [ 0.09444, 0.437, 0.686 ],
            "frame_inactive": [ 0, 0.789, 0.722 ],
            "frame_incognito": [ 0.6, 0.2, 0.35 ],
            "frame_incognito_inactive": [ 1, 1, 1 ]
        },
        "properties": {
            "ntp_background_alignment": "top center",
            "ntp_background_repeat": "repeat",
            "ntp_logo_alternate": 0
        }
    }
}
